#[RespondentNr];[StimulusNr];[timestamp ms];[Gaze x %];[Gaze y %]
0;0;0;0.471;0.324
0;0;0;0.471;0.329
0;0;23;0.468;0.331
0;0;56;0.467;0.34
0;0;90;0.437;0.642
0;0;123;0.433;0.681
0;0;157;0.446;0.74
0;0;190;0.46;0.866
0;0;223;0.452;0.884
0;0;256;0.448;0.854
0;0;290;0.459;0.796
0;0;323;0.466;0.754
0;0;357;0.487;0.607
0;0;390;0.486;0.574
0;0;423;0.486;0.527
0;1;0;0.487;0.504
0;1;0;0.493;0.47
0;1;22;0.496;0.454
0;1;89;0.492;0.439
0;1;122;0.484;0.431
0;1;155;0.478;0.422
0;1;189;0.481;0.411
0;1;222;0.483;0.394
0;1;255;0.483;0.39
0;1;289;0.485;0.388
0;1;355;0.483;0.384
0;1;389;0.482;0.38
0;1;422;0.48;0.377
0;2;0;0.479;0.369
0;2;0;0.476;0.36
0;2;21;0.473;0.352
0;2;54;0.47;0.342
0;2;88;0.467;0.333
0;2;121;0.463;0.325
0;2;155;0.461;0.316
0;2;189;0.459;0.309
0;2;221;0.457;0.302
0;2;254;0.454;0.296
0;2;288;0.451;0.292
0;2;321;0.449;0.287
0;2;354;0.447;0.283
0;2;388;0.446;0.279
0;2;421;0.444;0.278
0;3;0;0.443;0.278
0;3;0;0.445;0.278
0;3;21;0.445;0.279
0;3;55;0.445;0.279
0;3;88;0.444;0.28
0;3;121;0.445;0.28
0;3;155;0.446;0.281
0;3;187;0.447;0.282
0;3;222;0.45;0.285
0;3;254;0.453;0.288
0;3;288;0.457;0.29
0;3;322;0.46;0.292
0;3;354;0.461;0.295
0;3;387;0.462;0.297
0;3;420;0.463;0.297
0;4;0;0.463;0.298
0;4;0;0.463;0.298
0;4;20;0.465;0.3
0;4;53;0.468;0.3
0;4;86;0.471;0.301
0;4;120;0.473;0.303
0;4;153;0.476;0.304
0;4;186;0.478;0.304
0;4;220;0.478;0.303
0;4;253;0.48;0.302
0;4;287;0.48;0.303
0;4;320;0.527;0.673
0;4;353;0.535;0.922
0;4;386;0.535;0.95
0;4;420;0.52;0.927
0;5;0;0.392;0.774
0;5;0;0.429;0.74
0;5;19;0.441;0.715
0;5;53;0.445;0.7
0;5;86;0.448;0.692
0;5;121;0.451;0.68
0;5;187;0.453;0.67
0;5;220;0.46;0.65
0;5;253;0.461;0.642
0;5;286;0.462;0.634
0;6;0;0.467;0.599
0;6;0;0.467;0.595
0;6;66;0.467;0.591
0;6;134;0.466;0.585
0;6;166;0.466;0.578
0;6;233;0.456;0.551
0;6;332;0.459;0.465
0;6;399;0.46;0.41
0;7;0;0.466;0.36
0;7;0;0.466;0.349
0;7;32;0.466;0.343
0;7;64;0.466;0.34
0;7;98;0.465;0.338
0;7;131;0.464;0.334
0;7;164;0.464;0.331
0;7;197;0.463;0.326
0;7;231;0.465;0.322
0;7;262;0.465;0.318
0;7;299;0.466;0.315
0;7;329;0.467;0.305
0;7;362;0.466;0.3
0;7;395;0.466;0.295
0;8;0;0.467;0.284
0;8;28;0.467;0.28
0;8;63;0.469;0.278
0;8;96;0.47;0.277
0;8;130;0.471;0.275
0;8;196;0.481;0.31
0;8;230;0.482;0.319
0;8;262;0.48;0.326
0;8;295;0.48;0.335
0;8;330;0.481;0.342
0;8;362;0.482;0.348
0;8;396;0.484;0.356
0;8;429;0.484;0.363
0;9;0;0.485;0.372
0;9;0;0.486;0.377
0;9;28;0.486;0.384
0;9;62;0.487;0.392
0;9;95;0.486;0.397
0;9;132;0.485;0.402
0;9;163;0.486;0.407
0;9;195;0.485;0.407
0;9;229;0.483;0.404
0;9;262;0.482;0.402
0;9;295;0.483;0.398
0;9;329;0.482;0.389
0;9;363;0.48;0.367
0;9;396;0.479;0.355
0;9;429;0.478;0.349
0;10;0;0.477;0.337
0;10;0;0.477;0.327
0;10;28;0.475;0.319
0;10;61;0.473;0.312
0;10;95;0.472;0.305
0;10;128;0.472;0.299
0;10;161;0.47;0.293
0;10;195;0.469;0.288
0;13;238;0.478;0.361
0;13;272;0.479;0.376
0;13;305;0.477;0.382
0;14;0;0.477;0.383
0;14;0;0.479;0.383
0;14;57;0.479;0.383
0;14;123;0.482;0.388
0;14;157;0.483;0.39
0;14;190;0.483;0.394
0;14;224;0.48;0.397
0;14;290;0.479;0.395
0;14;324;0.484;0.39
0;14;357;0.485;0.382
0;14;391;0.482;0.371
0;14;423;0.482;0.358
0;15;0;0.483;0.35
0;15;0;0.482;0.343
0;15;22;0.486;0.332
0;15;57;0.486;0.32
0;15;90;0.479;0.304
0;15;124;0.476;0.292
0;15;157;0.47;0.285
0;15;190;0.469;0.275
0;15;223;0.468;0.269
0;15;290;0.466;0.26
0;15;324;0.465;0.254
0;16;0;0.456;0.226
0;16;0;0.456;0.222
0;16;23;0.457;0.222
0;16;57;0.46;0.224
0;16;90;0.461;0.224
0;16;157;0.464;0.226
0;16;190;0.464;0.226
0;16;224;0.464;0.224
0;16;257;0.463;0.222
0;16;324;0.463;0.223
0;16;359;0.465;0.239
0;16;424;0.471;0.259
0;17;0;0.475;0.271
0;17;23;0.478;0.281
0;17;56;0.479;0.291
0;17;90;0.481;0.301
0;17;123;0.482;0.311
0;17;155;0.482;0.322
0;17;189;0.483;0.331
0;17;223;0.482;0.34
0;17;254;0.48;0.347
0;17;289;0.478;0.355
0;17;321;0.476;0.359
0;17;356;0.479;0.353
0;17;389;0.484;0.347
0;17;422;0.485;0.342
0;18;0;0.485;0.336
0;18;0;0.485;0.329
0;18;22;0.485;0.32
0;18;55;0.485;0.313
0;18;88;0.483;0.308
0;18;122;0.481;0.304
0;18;155;0.481;0.3
0;18;188;0.481;0.298
0;18;220;0.481;0.295
0;18;255;0.486;0.312
0;18;292;0.49;0.63
0;18;321;0.432;0.906
0;18;355;0.433;0.959
0;18;388;0.435;0.962
0;18;422;0.441;0.914
0;19;0;0.451;0.745
0;19;0;0.458;0.649
0;19;21;0.459;0.626
0;19;54;0.459;0.61
0;19;87;0.459;0.585
0;19;122;0.458;0.567
0;19;155;0.458;0.55
0;19;187;0.459;0.521
0;19;221;0.461;0.505
0;19;254;0.461;0.48
0;19;288;0.461;0.47
0;19;322;0.457;0.448
0;19;355;0.452;0.429
0;19;389;0.462;0.38
0;19;422;0.46;0.284
0;20;0;0.471;0.206
0;20;0;0.467;0.192
0;20;20;0.461;0.183
0;20;54;0.457;0.178
0;20;87;0.459;0.186
0;20;120;0.46;0.184
0;20;187;0.46;0.183
0;20;220;0.462;0.184
0;20;254;0.463;0.186
0;20;287;0.463;0.185
0;20;319;0.464;0.185
0;20;356;0.464;0.187
0;20;387;0.464;0.188
0;20;421;0.464;0.221
0;21;0;0.466;0.383
0;21;0;0.482;0.425
0;21;21;0.485;0.443
0;21;54;0.484;0.451
0;21;87;0.48;0.456
0;21;154;0.479;0.452
0;21;188;0.478;0.447
0;21;221;0.474;0.439
0;21;254;0.476;0.425
0;22;0;0.466;0.297
0;22;20;0.465;0.269
0;22;87;0.463;0.257
0;22;134;0.464;0.25
0;22;219;0.462;0.241
0;22;286;0.459;0.226
0;22;320;0.46;0.222
0;22;353;0.46;0.22
0;22;386;0.468;0.256
0;23;0;0.481;0.302
0;23;0;0.48;0.32
0;23;19;0.478;0.346
0;23;52;0.501;0.508
0;23;85;0.5;0.512
0;23;119;0.5;0.514
0;23;152;0.485;0.504
0;23;185;0.479;0.5
0;23;218;0.474;0.495
0;23;252;0.471;0.491
0;23;285;0.467;0.484
0;23;318;0.462;0.478
0;23;352;0.455;0.464
0;23;385;0.437;0.375
0;24;0;0.433;0.302
0;24;18;0.433;0.272
0;24;51;0.434;0.261
0;24;84;0.438;0.25
0;24;118;0.442;0.23
0;24;152;0.444;0.228
0;24;184;0.453;0.225
0;24;218;0.458;0.222
0;24;251;0.46;0.224
0;27;0;0.47;0.853
0;27;96;0.506;0.642
0;27;181;0.505;0.51
0;27;215;0.496;0.503
0;27;248;0.489;0.498
0;27;318;0.491;0.469
0;27;381;0.488;0.454
0;27;415;0.488;0.442
0;28;0;0.49;0.431
0;28;13;0.487;0.41
0;28;46;0.487;0.411
0;28;79;0.488;0.412
0;28;113;0.489;0.408
0;28;146;0.49;0.403
0;28;179;0.491;0.398
0;28;212;0.486;0.394
0;28;246;0.482;0.389
0;28;279;0.483;0.38
0;28;312;0.486;0.367
0;28;346;0.487;0.354
0;28;380;0.486;0.345
0;28;413;0.485;0.33
0;28;446;0.484;0.319
0;29;0;0.483;0.308
0;29;12;0.48;0.299
0;29;46;0.478;0.286
0;29;78;0.476;0.273
0;29;113;0.472;0.261
0;29;146;0.468;0.25
0;29;179;0.465;0.24
0;29;212;0.464;0.233
0;29;246;0.461;0.226
0;29;279;0.46;0.222
0;29;313;0.459;0.222
0;29;346;0.465;0.249
0;29;379;0.451;0.59
0;29;412;0.432;0.809
0;29;446;0.447;0.883
0;30;0;0.451;0.875
0;30;12;0.454;0.825
0;30;48;0.465;0.673
0;30;78;0.467;0.572
0;30;111;0.465;0.535
0;30;145;0.452;0.507
0;30;178;0.445;0.457
0;30;211;0.446;0.441
0;30;245;0.449;0.424
0;30;278;0.448;0.392
0;30;311;0.45;0.377
0;30;346;0.451;0.368
0;30;378;0.453;0.361
0;30;412;0.462;0.381
0;33;8;0.469;0.827
0;33;55;0.495;0.888
0;33;140;0.534;0.616
0;33;209;0.483;0.401
0;33;241;0.482;0.388
0;33;308;0.485;0.391
0;33;342;0.484;0.386
0;33;374;0.48;0.38
0;33;407;0.474;0.367
0;34;0;0.472;0.311
0;34;7;0.471;0.297
0;34;74;0.469;0.295
0;34;107;0.463;0.294
0;34;140;0.461;0.29
0;34;173;0.461;0.29
0;34;206;0.461;0.298
0;34;240;0.471;0.338
0;34;274;0.475;0.372
0;34;307;0.475;0.393
0;34;340;0.488;0.545
2;0;0;0.465;0.269
2;0;0;0.463;0.276
2;0;11;0.477;0.338
2;0;44;0.484;0.355
2;0;78;0.483;0.371
2;0;109;0.477;0.377
2;0;140;0.476;0.381
2;0;210;0.482;0.387
2;0;245;0.491;0.393
2;0;278;0.493;0.398
2;0;310;0.495;0.399
2;0;343;0.498;0.399
2;0;377;0.501;0.402
2;0;411;0.503;0.414
2;1;0;0.506;0.423
2;1;0;0.508;0.432
2;1;9;0.509;0.441
2;1;40;0.506;0.441
2;1;76;0.507;0.439
2;1;110;0.51;0.439
2;1;176;0.513;0.435
2;1;210;0.516;0.433
2;1;243;0.515;0.438
2;1;276;0.511;0.443
2;1;310;0.511;0.435
2;1;342;0.513;0.431
2;1;375;0.514;0.426
2;1;410;0.517;0.416
2;1;442;0.519;0.407
2;2;0;0.522;0.397
2;2;5;0.527;0.386
2;2;41;0.53;0.378
2;2;75;0.527;0.38
2;2;109;0.522;0.389
2;2;142;0.521;0.39
2;2;174;0.524;0.388
2;2;208;0.516;0.396
2;2;243;0.517;0.391
2;2;272;0.517;0.389
2;2;308;0.514;0.393
2;2;342;0.511;0.395
2;2;376;0.509;0.397
2;2;409;0.507;0.398
2;2;441;0.505;0.4
2;3;0;0.5;0.396
2;3;7;0.496;0.394
2;3;41;0.489;0.391
2;3;74;0.483;0.391
2;3;108;0.483;0.386
2;3;140;0.477;0.381
2;3;174;0.475;0.379
2;3;207;0.476;0.374
2;3;240;0.474;0.374
2;3;274;0.474;0.373
2;3;304;0.474;0.372
2;3;341;0.474;0.37
2;3;375;0.474;0.372
2;3;408;0.475;0.375
2;3;441;0.476;0.38
2;4;0;0.475;0.384
2;4;7;0.474;0.393
2;4;39;0.472;0.403
2;4;73;0.471;0.41
2;4;107;0.47;0.416
2;4;140;0.469;0.422
2;4;173;0.472;0.428
2;4;208;0.478;0.429
2;4;239;0.481;0.426
2;4;274;0.484;0.428
2;4;307;0.486;0.432
2;4;340;0.487;0.437
2;4;372;0.498;0.43
2;4;406;0.501;0.433
2;4;440;0.501;0.435
2;5;0;0.497;0.435
2;5;7;0.492;0.435
2;5;39;0.488;0.437
2;5;72;0.485;0.428
2;5;105;0.485;0.422
2;5;138;0.485;0.415
2;5;173;0.484;0.41
2;5;205;0.482;0.406
2;5;238;0.481;0.403
2;5;272;0.477;0.403
2;5;305;0.469;0.407
2;5;338;0.462;0.408
2;5;372;0.453;0.413
2;5;404;0.44;0.432
2;5;439;0.44;0.461
2;6;0;0.435;0.473
2;6;2;0.432;0.479
2;6;37;0.43;0.487
2;6;70;0.429;0.498
2;6;104;0.43;0.508
2;6;139;0.43;0.516
2;6;173;0.437;0.517
2;6;205;0.447;0.473
2;6;239;0.45;0.46
2;6;271;0.457;0.453
2;6;304;0.463;0.446
2;6;337;0.467;0.445
2;6;371;0.472;0.454
2;6;405;0.459;0.465
2;6;435;0.458;0.463
2;7;0;0.457;0.461
2;7;0;0.458;0.458
2;7;31;0.465;0.458
2;7;65;0.466;0.45
2;7;99;0.466;0.445
2;7;132;0.463;0.438
2;7;164;0.459;0.434
2;7;198;0.459;0.433
2;7;233;0.456;0.436
2;7;265;0.46;0.433
2;7;299;0.457;0.43
2;7;332;0.455;0.425
2;7;365;0.454;0.421
2;7;397;0.455;0.418
2;8;0;0.454;0.41
2;8;0;0.442;0.473
2;8;30;0.438;0.494
2;8;64;0.436;0.505
2;8;97;0.433;0.515
2;8;131;0.43;0.528
2;8;164;0.43;0.537
2;8;198;0.427;0.546
2;8;231;0.425;0.555
2;8;264;0.422;0.569
2;8;298;0.421;0.585
2;8;330;0.428;0.567
2;8;363;0.439;0.541
2;8;397;0.446;0.538
2;8;430;0.452;0.536
2;9;0;0.46;0.534
2;9;0;0.467;0.522
2;9;29;0.472;0.507
2;9;63;0.477;0.495
2;9;95;0.477;0.483
2;9;129;0.472;0.473
2;9;163;0.467;0.466
2;9;196;0.465;0.459
2;9;227;0.464;0.452
2;9;263;0.463;0.444
2;9;297;0.465;0.436
2;9;331;0.466;0.433
2;9;363;0.47;0.429
2;9;397;0.47;0.423
2;9;429;0.467;0.415
2;10;0;0.463;0.407
2;10;0;0.46;0.403
2;10;30;0.458;0.401
2;10;63;0.455;0.401
2;10;97;0.453;0.405
2;10;130;0.451;0.408
2;10;163;0.452;0.406
2;10;193;0.453;0.405
2;10;230;0.457;0.404
2;10;264;0.464;0.404
2;10;297;0.469;0.399
2;10;332;0.471;0.397
2;10;365;0.472;0.4
2;10;397;0.458;0.416
2;10;430;0.454;0.424
2;11;0;0.452;0.432
2;11;0;0.456;0.433
2;11;28;0.457;0.434
2;11;62;0.457;0.436
2;11;95;0.458;0.439
2;11;128;0.459;0.439
2;11;162;0.459;0.44
2;11;196;0.46;0.441
2;11;229;0.459;0.444
2;11;262;0.457;0.448
2;11;296;0.455;0.453
2;11;328;0.453;0.455
2;11;359;0.45;0.456
2;11;395;0.45;0.456
2;11;430;0.45;0.453
2;12;0;0.451;0.45
2;12;0;0.451;0.448
2;12;27;0.451;0.447
2;12;61;0.45;0.446
2;12;95;0.448;0.445
2;12;129;0.443;0.449
2;12;158;0.439;0.449
2;12;195;0.441;0.448
2;12;228;0.441;0.452
2;12;261;0.441;0.455
2;12;295;0.447;0.454
2;12;328;0.449;0.453
2;12;362;0.451;0.45
2;12;392;0.453;0.45
2;12;429;0.455;0.45
2;13;0;0.459;0.451
2;13;0;0.46;0.45
2;13;27;0.462;0.451
2;13;61;0.465;0.454
2;13;95;0.47;0.452
2;13;130;0.477;0.447
2;13;161;0.482;0.443
2;13;195;0.484;0.44
2;13;228;0.486;0.433
2;13;261;0.486;0.426
2;13;296;0.48;0.422
2;13;328;0.473;0.42
2;13;363;0.47;0.418
2;13;395;0.466;0.417
2;13;428;0.463;0.416
2;14;0;0.449;0.445
2;14;0;0.44;0.486
2;14;27;0.435;0.499
2;14;61;0.43;0.512
2;14;96;0.425;0.525
2;14;125;0.421;0.535
2;14;162;0.42;0.547
2;14;196;0.417;0.558
2;14;229;0.417;0.566
2;14;262;0.417;0.575
2;14;295;0.422;0.562
2;14;328;0.428;0.531
2;14;361;0.43;0.521
2;14;396;0.433;0.536
2;14;429;0.437;0.54
2;15;0;0.441;0.538
2;15;0;0.45;0.521
2;15;25;0.458;0.507
2;15;60;0.466;0.493
2;15;93;0.473;0.481
2;15;127;0.478;0.47
2;15;160;0.48;0.462
2;15;194;0.476;0.458
2;15;227;0.472;0.451
2;15;261;0.469;0.443
2;15;291;0.465;0.439
2;15;327;0.463;0.432
2;15;360;0.462;0.419
2;15;395;0.465;0.402
2;15;427;0.47;0.399
2;16;0;0.47;0.393
2;16;0;0.468;0.386
2;16;26;0.467;0.391
2;16;60;0.467;0.395
2;16;94;0.465;0.392
2;16;126;0.47;0.386
2;16;157;0.472;0.382
2;16;194;0.478;0.379
2;16;226;0.482;0.377
2;16;262;0.489;0.383
2;16;293;0.486;0.409
2;16;328;0.485;0.426
2;16;362;0.489;0.437
2;16;394;0.493;0.447
2;16;426;0.498;0.452
2;17;0;0.509;0.447
2;17;0;0.514;0.448
2;17;25;0.516;0.447
2;17;60;0.519;0.445
2;17;89;0.521;0.445
2;17;126;0.521;0.446
2;17;160;0.523;0.447
2;17;193;0.522;0.452
2;17;226;0.524;0.452
2;17;259;0.524;0.448
2;17;294;0.525;0.437
2;17;327;0.525;0.427
2;17;359;0.527;0.419
2;17;392;0.527;0.412
2;17;425;0.526;0.403
2;18;0;0.525;0.398
2;18;0;0.512;0.434
2;18;26;0.507;0.45
2;18;57;0.503;0.46
2;18;92;0.498;0.472
2;18;127;0.494;0.481
2;18;159;0.491;0.49
2;18;193;0.487;0.501
2;18;226;0.48;0.512
2;18;256;0.477;0.517
2;18;294;0.485;0.49
2;18;327;0.487;0.482
2;18;361;0.488;0.483
2;18;394;0.487;0.481
2;18;426;0.485;0.482
2;19;0;0.481;0.488
2;19;0;0.476;0.489
2;19;25;0.472;0.487
2;19;59;0.468;0.48
2;19;91;0.465;0.474
2;19;125;0.462;0.466
2;19;158;0.458;0.456
2;19;191;0.455;0.448
2;19;224;0.453;0.441
2;19;259;0.45;0.436
2;19;293;0.447;0.436
2;19;326;0.45;0.426
2;19;358;0.451;0.422
2;19;391;0.452;0.413
2;19;425;0.456;0.406
2;20;0;0.46;0.4
2;20;0;0.466;0.389
2;20;23;0.472;0.382
2;20;58;0.477;0.377
2;20;91;0.485;0.375
2;20;125;0.493;0.371
2;20;158;0.498;0.369
2;20;191;0.504;0.367
2;20;224;0.508;0.369
2;20;257;0.513;0.368
2;20;291;0.52;0.374
2;20;324;0.522;0.397
2;20;358;0.523;0.405
2;20;392;0.525;0.412
2;20;424;0.523;0.412
2;21;0;0.519;0.414
2;21;0;0.514;0.417
2;21;23;0.506;0.421
2;21;58;0.497;0.428
2;21;91;0.487;0.436
2;21;125;0.482;0.444
2;21;158;0.477;0.448
2;21;190;0.472;0.454
2;21;223;0.468;0.453
2;21;257;0.462;0.454
2;21;290;0.455;0.456
2;21;324;0.45;0.456
2;21;358;0.445;0.455
2;21;390;0.44;0.454
2;21;424;0.436;0.452
2;22;0;0.433;0.451
2;22;0;0.431;0.442
2;22;22;0.433;0.426
2;22;56;0.433;0.417
2;22;89;0.434;0.411
2;22;124;0.435;0.404
2;22;156;0.435;0.402
2;22;190;0.435;0.403
2;22;222;0.436;0.403
2;22;256;0.44;0.408
2;22;289;0.443;0.411
2;22;322;0.444;0.408
2;22;356;0.446;0.409
2;22;389;0.451;0.408
2;22;423;0.455;0.408
2;23;0;0.46;0.404
2;23;0;0.465;0.403
2;23;21;0.465;0.402
2;23;55;0.464;0.403
2;23;89;0.466;0.406
2;23;119;0.468;0.407
2;23;156;0.475;0.401
2;23;187;0.477;0.397
2;23;221;0.478;0.395
2;23;254;0.478;0.395
2;23;287;0.477;0.392
2;23;320;0.477;0.392
2;23;351;0.477;0.39
2;23;388;0.478;0.394
2;23;420;0.479;0.395
2;24;0;0.478;0.412
2;24;0;0.476;0.448
2;24;20;0.474;0.464
2;24;53;0.472;0.479
2;24;87;0.472;0.485
2;24;120;0.471;0.488
2;24;150;0.47;0.498
2;24;187;0.473;0.482
2;24;220;0.48;0.463
2;24;254;0.484;0.46
2;24;287;0.483;0.46
2;24;320;0.486;0.461
2;24;351;0.488;0.461
2;24;389;0.49;0.463
2;24;420;0.489;0.462
2;25;0;0.487;0.461
2;25;0;0.481;0.457
2;25;20;0.473;0.455
2;25;54;0.468;0.453
2;25;84;0.464;0.45
2;25;120;0.456;0.446
2;25;154;0.455;0.434
2;25;187;0.453;0.424
2;25;220;0.455;0.414
2;25;253;0.456;0.399
2;25;288;0.455;0.386
2;25;321;0.456;0.374
2;25;356;0.457;0.357
2;25;386;0.462;0.342
2;25;420;0.467;0.33
2;26;0;0.472;0.322
2;26;0;0.474;0.339
2;26;21;0.48;0.343
2;26;51;0.486;0.344
2;26;86;0.494;0.343
2;26;122;0.501;0.341
2;26;154;0.508;0.342
2;26;187;0.513;0.343
2;26;219;0.519;0.346
2;26;253;0.523;0.349
2;26;286;0.53;0.333
2;26;320;0.534;0.321
2;26;353;0.536;0.31
2;26;386;0.54;0.302
2;26;420;0.548;0.299
2;27;0;0.548;0.3
2;27;0;0.549;0.294
2;27;21;0.547;0.29
2;27;51;0.547;0.284
2;27;120;0.534;0.27
2;27;155;0.528;0.265
2;27;187;0.522;0.259
2;27;221;0.517;0.253
2;27;253;0.51;0.248
2;27;286;0.504;0.245
2;27;319;0.498;0.244
2;27;351;0.492;0.245
2;27;386;0.484;0.248
2;27;420;0.478;0.249
2;28;0;0.47;0.248
2;28;0;0.463;0.246
2;28;21;0.459;0.279
2;28;53;0.452;0.302
2;28;86;0.447;0.316
2;28;120;0.445;0.328
2;28;153;0.446;0.338
2;28;186;0.454;0.347
2;28;220;0.459;0.36
2;28;253;0.464;0.381
2;28;287;0.468;0.393
2;28;319;0.468;0.399
2;28;353;0.471;0.401
2;28;385;0.472;0.405
2;28;419;0.472;0.41
2;29;0;0.472;0.409
2;29;0;0.475;0.411
2;29;19;0.478;0.403
2;29;53;0.48;0.395
2;29;86;0.484;0.386
2;29;119;0.485;0.377
2;29;152;0.486;0.371
2;29;187;0.485;0.365
2;29;221;0.483;0.359
2;29;252;0.477;0.349
2;29;286;0.47;0.344
2;29;320;0.464;0.338
2;29;352;0.459;0.332
2;29;387;0.456;0.324
2;29;418;0.457;0.312
2;30;0;0.457;0.308
2;30;0;0.459;0.37
2;30;118;0.53;1.093
2;30;153;0.524;1.015
2;30;186;0.512;0.638
2;30;219;0.516;0.57
2;30;253;0.516;0.533
2;30;286;0.514;0.509
2;30;319;0.513;0.493
2;30;353;0.515;0.483
2;30;386;0.515;0.473
2;30;419;0.516;0.465
2;31;0;0.514;0.456
2;31;0;0.507;0.449
2;31;18;0.498;0.446
2;31;52;0.487;0.442
2;31;86;0.482;0.439
2;31;118;0.476;0.435
2;31;154;0.468;0.42
2;31;186;0.462;0.411
2;31;219;0.454;0.407
2;31;252;0.446;0.403
2;31;285;0.439;0.4
2;31;318;0.431;0.394
2;31;352;0.425;0.39
2;31;386;0.426;0.384
2;31;419;0.429;0.381
2;32;0;0.429;0.379
2;32;0;0.429;0.38
2;32;18;0.431;0.383
2;32;52;0.43;0.425
2;32;85;0.43;0.441
2;32;117;0.43;0.453
2;32;151;0.433;0.467
2;32;181;0.435;0.48
2;32;219;0.436;0.491
2;32;253;0.439;0.506
2;32;285;0.442;0.518
2;32;318;0.453;0.5
2;32;351;0.459;0.496
2;32;384;0.463;0.497
2;32;419;0.464;0.497
2;32;451;0.467;0.497
2;33;0;0.469;0.503
2;33;18;0.472;0.507
2;33;51;0.473;0.503
2;33;84;0.474;0.5
2;33;117;0.473;0.496
2;33;151;0.472;0.492
2;33;184;0.469;0.488
2;33;219;0.464;0.486
2;33;251;0.462;0.48
2;33;286;0.459;0.476
2;33;317;0.455;0.475
2;33;353;0.452;0.475
2;33;383;0.449;0.474
2;33;418;0.447;0.473
2;33;451;0.449;0.468
2;34;0;0.453;0.461
2;34;16;0.458;0.451
2;34;51;0.464;0.444
2;34;84;0.465;0.441
2;34;116;0.465;0.44
2;34;150;0.466;0.438
2;34;183;0.468;0.436
2;34;217;0.47;0.43
2;34;250;0.474;0.427
2;34;284;0.481;0.426
2;34;317;0.463;0.445
2;34;351;0.459;0.453
2;34;385;0.457;0.461
2;34;416;0.455;0.468
2;35;0;0.451;0.472
2;35;0;0.446;0.477
2;35;17;0.443;0.482
2;35;50;0.443;0.486
2;35;83;0.443;0.485
2;35;118;0.442;0.485
2;35;152;0.442;0.485
2;35;183;0.44;0.488
2;35;217;0.439;0.49
2;35;250;0.438;0.493
2;35;284;0.435;0.497
2;35;318;0.435;0.496
2;35;351;0.435;0.493
2;35;384;0.436;0.486
2;35;417;0.436;0.473
6;0;0;0.51;0.42
6;0;0;0.515;0.439
6;0;20;0.52;0.442
6;0;55;0.523;0.441
6;0;88;0.526;0.442
6;0;122;0.527;0.439
6;0;155;0.528;0.438
6;0;188;0.53;0.44
6;0;221;0.529;0.441
6;0;255;0.528;0.442
6;0;288;0.532;0.438
6;0;322;0.534;0.44
6;0;355;0.535;0.455
6;0;388;0.535;0.474
6;0;421;0.533;0.48
6;1;0;0.531;0.485
6;1;0;0.528;0.49
6;1;20;0.529;0.499
6;1;54;0.53;0.507
6;1;87;0.526;0.509
6;1;120;0.518;0.513
6;1;155;0.513;0.521
6;1;187;0.513;0.527
6;1;220;0.512;0.532
6;1;253;0.507;0.535
6;1;288;0.506;0.54
6;1;320;0.503;0.543
6;1;353;0.501;0.547
6;1;387;0.501;0.553
6;1;421;0.5;0.563
6;2;0;0.502;0.57
6;2;0;0.503;0.574
6;2;19;0.491;0.518
6;2;53;0.479;0.483
6;2;120;0.477;0.458
6;9;0;0.552;0.437
6;9;15;0.532;0.432
6;9;82;0.525;0.441
6;9;115;0.523;0.427
6;9;149;0.519;0.436
6;9;182;0.514;0.446
6;9;217;0.518;0.431
6;9;248;0.516;0.422
6;9;282;0.516;0.414
6;9;315;0.517;0.403
6;9;348;0.519;0.402
6;9;381;0.518;0.411
6;9;415;0.511;0.431
6;10;0;0.52;0.443
6;10;0;0.516;0.443
6;10;13;0.517;0.393
6;10;47;0.508;0.368
6;10;80;0.51;0.357
6;10;114;0.523;0.344
6;10;148;0.526;0.328
6;10;181;0.529;0.311
6;10;214;0.534;0.298
6;10;248;0.536;0.286
6;10;280;0.534;0.285
6;10;314;0.537;0.28
6;10;380;0.542;0.277
6;10;414;0.55;0.29
6;11;0;0.552;0.296
6;11;13;0.555;0.3
6;11;46;0.559;0.303
6;11;81;0.562;0.317
6;11;113;0.567;0.331
6;11;146;0.571;0.342
6;11;179;0.573;0.355
6;11;213;0.575;0.366
6;11;246;0.577;0.376
6;11;279;0.576;0.386
6;11;313;0.575;0.396
6;12;0;0.565;0.45
6;12;0;0.564;0.454
6;12;11;0.563;0.44
6;12;245;0.554;0.366
6;12;279;0.545;0.327
6;12;312;0.538;0.307
6;12;378;0.549;0.306
6;12;413;0.551;0.3
6;13;0;0.553;0.293
6;13;0;0.555;0.291
6;13;11;0.544;0.29
6;13;44;0.542;0.294
6;13;77;0.541;0.295
6;13;111;0.54;0.295
6;13;144;0.541;0.298
6;13;178;0.551;0.303
6;13;211;0.553;0.302
6;13;244;0.554;0.303
6;13;278;0.556;0.314
6;13;310;0.558;0.325
6;13;344;0.56;0.336
6;14;0;0.573;0.367
6;14;0;0.573;0.342
6;15;291;0.56;0.395
6;15;374;0.573;0.393
6;16;0;0.575;0.413
6;16;7;0.577;0.416
6;16;41;0.578;0.419
6;16;74;0.577;0.421
6;16;109;0.576;0.424
6;16;140;0.574;0.398
6;16;173;0.57;0.369
6;16;207;0.566;0.353
6;16;240;0.563;0.327
6;16;273;0.561;0.309
6;16;306;0.554;0.294
6;16;340;0.544;0.281
6;16;374;0.54;0.265
6;16;407;0.536;0.259
6;16;440;0.53;0.256
6;17;0;0.531;0.259
6;17;5;0.53;0.254
6;17;39;0.527;0.25
6;17;72;0.512;0.25
6;17;105;0.515;0.252
6;17;140;0.507;0.262
6;17;173;0.508;0.274
6;17;207;0.511;0.29
6;17;239;0.512;0.299
6;17;272;0.513;0.307
6;17;306;0.523;0.319
6;17;339;0.537;0.326
6;17;372;0.544;0.33
6;17;406;0.551;0.332
6;17;439;0.558;0.332
6;18;0;0.563;0.329
6;18;6;0.567;0.324
6;18;38;0.57;0.316
6;18;72;0.575;0.302
6;18;106;0.579;0.29
6;18;139;0.583;0.278
6;18;173;0.58;0.324
6;18;206;0.579;0.336
6;18;239;0.58;0.346
6;18;272;0.58;0.355
6;18;306;0.578;0.364
6;18;339;0.569;0.375
6;18;372;0.563;0.386
6;18;408;0.562;0.394
6;19;0;0.538;0.362
6;19;5;0.535;0.363
6;19;38;0.537;0.39
6;19;71;0.521;0.403
6;19;105;0.52;0.413
6;19;138;0.524;0.414
6;19;171;0.523;0.407
6;19;205;0.522;0.415
6;19;238;0.525;0.411
6;19;271;0.526;0.408
6;19;304;0.527;0.408
6;19;338;0.537;0.412
6;19;404;0.536;0.42
6;19;439;0.558;0.431
6;20;0;0.571;0.44
6;20;5;0.582;0.448
6;20;39;0.573;0.392
6;20;67;0.573;0.372
6;20;103;0.592;0.281
6;21;5;0.565;0.225
6;21;37;0.561;0.234
6;21;70;0.561;0.251
6;21;103;0.568;0.247
6;21;255;0.586;0.232
6;21;321;0.586;0.228
6;21;388;0.578;0.254
6;21;421;0.577;0.264
6;22;0;0.577;0.27
6;22;0;0.578;0.286
6;22;20;0.577;0.295
6;22;53;0.578;0.295
6;22;89;0.578;0.298
6;22;121;0.581;0.279
6;22;154;0.581;0.268
6;22;187;0.583;0.251
6;22;220;0.587;0.254
6;22;254;0.582;0.248
6;22;287;0.583;0.246
6;22;320;0.576;0.248
6;22;354;0.583;0.236
6;22;388;0.581;0.234
6;22;421;0.583;0.239
6;23;0;0.579;0.21
6;23;19;0.58;0.221
6;23;87;0.583;0.231
6;23;336;0.581;0.249
6;23;402;0.578;0.293
6;23;435;0.579;0.321
6;24;0;0.58;0.35
6;24;0;0.579;0.362
6;24;30;0.579;0.375
6;24;100;0.576;0.32
6;24;133;0.57;0.29
6;24;166;0.568;0.276
6;24;200;0.575;0.271
6;24;233;0.577;0.26
6;24;283;0.568;0.268
6;24;384;0.559;0.264
6;25;0;0.555;0.235
6;25;0;0.561;0.237
6;25;49;0.571;0.254
6;25;82;0.572;0.268
6;25;198;0.573;0.268
6;25;266;0.585;0.284
6;25;332;0.598;0.314
6;25;365;0.604;0.332
6;25;398;0.607;0.35
6;25;432;0.608;0.371
6;26;0;0.605;0.4
6;26;0;0.607;0.42
6;26;29;0.609;0.439
6;26;65;0.608;0.446
6;26;100;0.608;0.463
6;26;132;0.607;0.475
6;26;166;0.608;0.481
6;26;199;0.623;0.437
6;26;233;0.628;0.421
6;26;265;0.627;0.41
6;26;300;0.624;0.401
6;26;333;0.62;0.397
6;26;365;0.613;0.389
6;26;399;0.606;0.38
6;27;0;0.571;0.31
6;27;28;0.566;0.305
6;28;0;0.568;0.357
6;28;31;0.566;0.376
6;28;65;0.564;0.382
6;28;97;0.561;0.383
6;28;131;0.565;0.335
6;28;315;0.575;0.315
6;28;348;0.576;0.296
6;29;0;0.574;0.269
6;29;14;0.571;0.248
6;29;47;0.566;0.238
6;29;81;0.555;0.226
6;29;148;0.56;0.22
6;29;182;0.565;0.212
6;29;247;0.571;0.21
6;29;281;0.575;0.215
6;29;314;0.579;0.223
6;29;347;0.575;0.216
6;29;381;0.575;0.208
6;29;413;0.576;0.208
6;30;0;0.579;0.211
6;30;0;0.578;0.27
6;30;11;0.582;0.299
6;30;46;0.585;0.321
6;30;80;0.589;0.342
6;30;112;0.589;0.356
6;30;146;0.59;0.373
6;30;179;0.594;0.379
6;30;212;0.59;0.393
6;30;246;0.59;0.402
6;30;278;0.591;0.405
6;30;312;0.593;0.404
6;30;346;0.591;0.399
6;30;379;0.587;0.395
6;30;412;0.582;0.374
6;31;0;0.565;0.372
6;31;0;0.56;0.369
6;31;10;0.561;0.36
6;31;43;0.558;0.348
6;31;79;0.554;0.34
6;31;111;0.551;0.336
6;31;146;0.528;0.287
6;32;0;0.563;0.325
6;32;11;0.568;0.353
6;32;94;0.573;0.355
6;32;127;0.574;0.336
6;32;160;0.577;0.327
6;32;260;0.578;0.323
6;32;294;0.578;0.316
6;32;327;0.579;0.309
6;32;360;0.582;0.304
6;32;394;0.588;0.299
6;33;0;0.593;0.299
6;33;0;0.597;0.305
6;33;26;0.6;0.313
6;33;61;0.6;0.321
6;33;93;0.603;0.332
6;33;126;0.606;0.331
6;33;159;0.611;0.321
6;33;192;0.608;0.318
6;33;223;0.6;0.325
6;33;259;0.601;0.322
6;33;292;0.602;0.321
6;33;326;0.603;0.325
6;33;360;0.605;0.322
6;33;393;0.608;0.322
6;33;427;0.605;0.314
6;34;0;0.6;0.292
6;34;26;0.583;0.274
6;34;59;0.569;0.26
6;34;93;0.552;0.253
6;34;159;0.545;0.224
6;34;193;0.543;0.216
6;34;226;0.542;0.206
6;34;259;0.539;0.196
6;34;290;0.537;0.185
6;34;345;0.536;0.18
6;35;0;0.521;0.192
6;35;9;0.518;0.206
6;35;43;0.524;0.229
6;35;76;0.527;0.239
6;35;142;0.53;0.239
6;35;176;0.535;0.235
6;35;242;0.539;0.237
6;35;275;0.542;0.24
6;35;309;0.542;0.243
6;35;342;0.545;0.247
6;35;376;0.548;0.253
6;35;409;0.552;0.269
6;35;442;0.553;0.292
8;0;0;0.474;0.578
8;0;22;0.482;0.535
8;0;55;0.485;0.529
8;0;155;0.492;0.519
8;0;255;0.495;0.502
8;0;289;0.498;0.488
8;0;322;0.498;0.478
8;1;0;0.512;0.417
8;1;0;0.514;0.409
8;1;22;0.517;0.396
8;1;55;0.521;0.383
8;1;88;0.526;0.369
8;1;155;0.528;0.357
8;1;222;0.528;0.352
8;1;255;0.53;0.35
8;1;290;0.531;0.348
8;2;0;0.532;0.331
8;2;21;0.536;0.323
8;2;88;0.536;0.319
8;2;154;0.534;0.283
8;2;188;0.531;0.262
8;2;287;0.522;0.24
8;2;321;0.523;0.241
8;2;388;0.521;0.255
8;2;421;0.518;0.27
8;3;0;0.513;0.279
8;3;21;0.504;0.286
8;3;54;0.495;0.292
8;3;122;0.492;0.271
8;3;154;0.49;0.271
8;3;222;0.493;0.273
8;3;255;0.493;0.281
8;3;288;0.493;0.287
8;3;321;0.496;0.29
8;3;354;0.499;0.295
8;3;388;0.501;0.299
8;3;421;0.504;0.306
8;4;0;0.506;0.303
8;4;21;0.508;0.298
8;4;54;0.509;0.29
8;4;120;0.508;0.267
8;4;153;0.508;0.256
8;4;186;0.508;0.249
8;4;220;0.507;0.242
8;4;253;0.505;0.237
8;4;290;0.503;0.23
8;4;320;0.503;0.222
8;4;353;0.504;0.218
8;4;386;0.501;0.221
8;4;420;0.5;0.225
8;5;0;0.496;0.237
8;5;20;0.496;0.252
8;5;53;0.494;0.265
8;5;87;0.492;0.276
8;5;119;0.493;0.291
8;5;152;0.494;0.307
8;5;187;0.497;0.325
8;5;221;0.499;0.343
8;5;253;0.501;0.363
8;5;287;0.504;0.387
8;5;321;0.505;0.403
8;5;353;0.506;0.408
8;5;420;0.5;0.405
8;6;0;0.499;0.406
8;6;0;0.495;0.403
8;6;20;0.507;0.373
8;6;87;0.51;0.371
8;6;120;0.508;0.37
8;6;154;0.507;0.362
8;6;187;0.509;0.356
8;6;253;0.513;0.341
8;6;286;0.517;0.325
8;6;320;0.524;0.31
8;6;387;0.525;0.294
8;6;420;0.524;0.283
8;7;0;0.524;0.27
8;7;0;0.525;0.26
8;7;18;0.523;0.257
8;7;52;0.522;0.26
8;7;86;0.523;0.253
8;7;120;0.522;0.25
8;7;152;0.521;0.245
8;7;186;0.522;0.232
8;7;252;0.522;0.223
8;7;286;0.522;0.217
8;7;319;0.52;0.213
8;7;352;0.518;0.209
8;8;0;0.514;0.211
8;8;19;0.509;0.235
8;8;86;0.508;0.241
8;8;119;0.509;0.237
8;8;153;0.505;0.247
8;8;186;0.498;0.26
8;8;219;0.494;0.265
8;8;285;0.493;0.262
8;8;319;0.491;0.262
8;8;352;0.491;0.26
8;8;386;0.491;0.264
8;8;420;0.49;0.267
8;9;0;0.49;0.261
8;9;0;0.495;0.261
8;9;18;0.499;0.265
8;9;51;0.506;0.27
8;9;85;0.506;0.276
8;9;118;0.506;0.277
8;9;151;0.507;0.28
8;9;185;0.506;0.282
8;9;218;0.507;0.284
8;9;286;0.507;0.288
8;9;318;0.509;0.289
8;9;351;0.512;0.283
8;9;384;0.519;0.248
8;9;418;0.522;0.239
8;10;0;0.523;0.232
8;10;0;0.522;0.226
8;10;18;0.522;0.221
8;10;52;0.524;0.218
8;10;87;0.523;0.224
8;10;119;0.519;0.221
8;10;151;0.518;0.22
8;10;185;0.511;0.205
8;10;218;0.508;0.198
8;10;252;0.507;0.189
8;10;285;0.507;0.182
8;10;318;0.508;0.175
8;10;351;0.5;0.192
8;10;385;0.498;0.204
8;10;418;0.498;0.218
8;11;0;0.501;0.236
8;11;0;0.494;0.227
8;11;17;0.493;0.233
8;11;84;0.492;0.244
8;11;118;0.491;0.257
8;11;150;0.49;0.249
8;11;217;0.491;0.258
8;11;252;0.492;0.26
8;11;284;0.493;0.265
8;11;317;0.493;0.275
8;11;350;0.495;0.277
8;11;384;0.497;0.281
8;12;0;0.5;0.287
8;12;17;0.501;0.283
8;12;83;0.503;0.281
8;12;116;0.505;0.275
8;12;149;0.502;0.26
8;12;183;0.497;0.253
8;12;216;0.492;0.252
8;12;250;0.488;0.248
8;12;316;0.485;0.243
8;12;351;0.485;0.242
8;12;382;0.484;0.238
8;12;416;0.483;0.235
8;13;0;0.485;0.232
8;13;0;0.484;0.229
8;13;15;0.482;0.226
8;13;49;0.481;0.224
8;13;83;0.48;0.221
8;13;115;0.478;0.221
8;13;149;0.476;0.222
8;13;182;0.476;0.223
8;13;216;0.475;0.226
8;13;249;0.476;0.232
8;13;282;0.476;0.236
8;13;316;0.477;0.241
8;13;348;0.477;0.245
8;13;382;0.478;0.249
8;13;414;0.478;0.253
8;14;0;0.48;0.291
8;14;0;0.481;0.312
8;14;14;0.483;0.327
8;14;47;0.485;0.342
8;14;82;0.488;0.358
8;14;115;0.491;0.385
8;14;148;0.48;0.411
8;14;180;0.478;0.42
8;14;216;0.479;0.425
8;14;250;0.482;0.432
8;14;281;0.486;0.441
8;14;315;0.496;0.439
8;14;349;0.507;0.446
8;14;380;0.513;0.438
8;15;0;0.499;0.41
8;15;0;0.498;0.397
8;15;14;0.497;0.384
8;15;47;0.496;0.373
8;15;80;0.494;0.362
8;15;115;0.493;0.351
8;15;147;0.492;0.339
8;15;181;0.492;0.325
8;15;214;0.492;0.314
8;15;247;0.493;0.304
8;15;280;0.493;0.296
8;15;314;0.493;0.288
8;15;348;0.492;0.282
8;15;381;0.49;0.275
8;15;413;0.488;0.27
8;16;0;0.491;0.269
8;16;0;0.495;0.285
8;16;47;0.495;0.315
8;16;81;0.494;0.33
8;16;113;0.493;0.343
8;16;147;0.493;0.356
8;16;180;0.492;0.369
8;16;213;0.489;0.384
8;16;246;0.488;0.4
8;16;313;0.484;0.419
8;16;347;0.482;0.433
8;16;380;0.487;0.403
8;16;414;0.481;0.421
8;17;0;0.491;0.419
8;17;0;0.485;0.414
8;17;13;0.486;0.417
8;17;46;0.488;0.421
8;17;78;0.494;0.419
8;17;113;0.498;0.414
8;17;147;0.503;0.402
8;17;179;0.506;0.393
8;17;245;0.5;0.369
8;17;278;0.5;0.355
8;17;312;0.5;0.342
8;17;346;0.501;0.328
8;17;380;0.503;0.314
8;17;413;0.503;0.304
8;17;446;0.504;0.29
8;18;0;0.504;0.279
8;18;11;0.504;0.271
8;18;44;0.503;0.264
8;18;111;0.493;0.291
8;18;145;0.489;0.3
8;18;178;0.489;0.306
8;18;212;0.486;0.311
8;18;244;0.484;0.315
8;18;278;0.483;0.321
8;18;311;0.484;0.328
8;18;344;0.484;0.338
8;18;378;0.486;0.346
8;18;411;0.498;0.324
8;19;0;0.495;0.322
8;19;0;0.497;0.323
8;19;10;0.498;0.326
8;19;44;0.497;0.329
8;19;77;0.499;0.335
8;19;112;0.503;0.335
8;19;145;0.504;0.329
8;19;177;0.506;0.325
8;19;210;0.507;0.317
8;19;245;0.509;0.31
8;19;276;0.511;0.304
8;19;310;0.51;0.297
8;19;344;0.51;0.291
8;19;377;0.51;0.283
8;19;410;0.508;0.278
8;20;0;0.507;0.274
8;20;0;0.505;0.268
8;20;10;0.505;0.264
8;20;42;0.504;0.26
8;20;77;0.503;0.294
8;20;109;0.502;0.308
8;20;143;0.501;0.323
8;20;176;0.5;0.335
8;20;209;0.501;0.347
8;20;242;0.497;0.377
8;20;277;0.495;0.395
8;20;309;0.491;0.478
8;20;345;0.492;0.486
8;20;376;0.497;0.484
8;20;410;0.504;0.478
8;21;0;0.494;0.476
8;21;9;0.501;0.458
8;21;40;0.507;0.434
8;21;74;0.508;0.428
8;21;106;0.509;0.424
8;21;141;0.516;0.408
8;21;174;0.517;0.398
8;21;208;0.518;0.387
8;21;240;0.518;0.378
8;21;274;0.517;0.367
8;21;308;0.518;0.357
8;21;341;0.519;0.349
8;21;374;0.521;0.352
8;21;410;0.521;0.345
8;21;441;0.519;0.34
8;22;0;0.519;0.334
8;22;6;0.519;0.31
8;22;39;0.517;0.308
8;22;73;0.514;0.305
8;22;106;0.512;0.303
8;22;141;0.511;0.309
8;22;172;0.512;0.315
8;22;206;0.514;0.32
8;22;240;0.515;0.32
8;22;273;0.519;0.309
8;22;307;0.518;0.301
8;22;340;0.518;0.299
8;22;373;0.517;0.306
8;22;406;0.518;0.32
8;22;440;0.519;0.334
8;23;0;0.52;0.341
8;23;6;0.522;0.353
8;23;39;0.524;0.362
8;23;71;0.526;0.37
8;23;105;0.527;0.377
8;23;139;0.529;0.381
8;23;171;0.529;0.383
8;23;205;0.529;0.387
8;23;239;0.528;0.388
8;23;272;0.527;0.391
8;23;306;0.528;0.39
8;23;339;0.53;0.379
8;23;373;0.529;0.37
8;23;406;0.528;0.364
8;23;440;0.528;0.357
8;24;0;0.527;0.35
8;24;0;0.526;0.342
8;24;32;0.525;0.336
8;24;65;0.524;0.329
8;24;98;0.524;0.318
8;24;133;0.519;0.308
8;24;166;0.519;0.314
8;24;199;0.517;0.314
8;24;232;0.518;0.317
8;24;265;0.513;0.3
8;24;299;0.51;0.293
8;24;333;0.509;0.287
8;24;366;0.507;0.288
8;24;400;0.505;0.291
8;24;432;0.504;0.292
8;25;0;0.504;0.299
8;25;0;0.505;0.305
8;25;32;0.505;0.312
8;25;65;0.504;0.322
8;25;98;0.503;0.339
8;25;131;0.502;0.352
8;25;165;0.504;0.361
8;25;198;0.506;0.369
8;25;232;0.507;0.371
8;25;265;0.509;0.376
8;25;298;0.512;0.383
8;25;332;0.515;0.389
8;25;365;0.513;0.394
8;25;399;0.516;0.399
8;25;431;0.519;0.405
8;26;0;0.522;0.409
8;26;0;0.518;0.453
8;26;30;0.51;0.474
8;26;64;0.507;0.489
8;26;97;0.52;0.506
8;26;130;0.523;0.516
8;26;163;0.518;0.519
8;26;197;0.523;0.534
8;26;230;0.525;0.541
8;26;263;0.516;0.527
8;26;299;0.511;0.522
8;26;331;0.508;0.523
8;26;364;0.513;0.528
8;26;397;0.516;0.531
8;26;431;0.522;0.517
8;27;0;0.52;0.508
8;27;0;0.513;0.492
8;27;30;0.51;0.477
8;27;64;0.508;0.464
8;27;98;0.506;0.456
8;27;131;0.506;0.449
8;27;164;0.505;0.441
8;27;196;0.502;0.433
8;27;232;0.5;0.424
8;27;264;0.499;0.42
8;27;297;0.498;0.416
8;27;331;0.496;0.413
8;27;364;0.493;0.409
8;27;397;0.49;0.406
8;27;433;0.488;0.412
8;28;0;0.497;0.466
8;28;0;0.5;0.491
8;28;28;0.501;0.51
8;28;63;0.499;0.529
8;28;96;0.496;0.532
8;28;129;0.488;0.526
8;28;196;0.491;0.52
8;28;229;0.5;0.531
8;28;296;0.488;0.529
8;28;330;0.488;0.53
8;28;363;0.5;0.54
8;28;397;0.501;0.545
8;28;430;0.501;0.52
8;29;0;0.496;0.512
8;29;0;0.497;0.513
8;29;29;0.494;0.507
8;29;62;0.494;0.502
8;29;96;0.493;0.495
8;29;129;0.494;0.488
8;29;164;0.495;0.482
8;29;196;0.496;0.48
8;29;230;0.498;0.479
8;29;263;0.498;0.478
8;29;297;0.498;0.477
8;29;363;0.499;0.475
8;29;396;0.496;0.47
8;30;0;0.493;0.465
8;30;0;0.49;0.463
8;30;28;0.477;0.483
8;30;63;0.471;0.492
8;30;95;0.47;0.497
8;30;128;0.473;0.495
8;30;161;0.476;0.491
8;30;195;0.478;0.49
8;30;228;0.482;0.495
8;30;262;0.485;0.505
8;30;295;0.487;0.511
8;30;328;0.49;0.517
8;30;362;0.494;0.534
8;30;395;0.495;0.535
8;31;0;0.482;0.51
8;31;0;0.478;0.501
8;31;28;0.475;0.499
8;31;60;0.474;0.495
8;31;128;0.473;0.488
8;31;160;0.474;0.481
8;31;195;0.472;0.475
8;31;227;0.47;0.471
8;31;261;0.47;0.467
8;31;294;0.468;0.463
8;31;362;0.469;0.456
8;31;395;0.467;0.449
8;31;430;0.469;0.447
8;32;0;0.469;0.439
8;32;0;0.46;0.46
8;32;28;0.469;0.478
8;32;61;0.478;0.491
8;32;94;0.483;0.509
8;32;128;0.48;0.526
8;32;161;0.477;0.542
8;32;194;0.47;0.549
8;32;261;0.465;0.55
8;32;294;0.471;0.553
8;32;328;0.482;0.556
8;32;362;0.475;0.554
8;32;395;0.479;0.546
8;32;427;0.48;0.548
8;33;0;0.487;0.547
8;33;0;0.488;0.523
8;33;26;0.49;0.519
8;33;59;0.497;0.515
8;33;93;0.496;0.501
8;33;127;0.497;0.494
8;33;160;0.498;0.487
8;33;195;0.499;0.477
8;33;227;0.49;0.457
8;33;260;0.49;0.444
8;33;293;0.488;0.432
8;33;327;0.484;0.412
8;33;361;0.482;0.399
8;33;395;0.481;0.389
8;34;0;0.48;0.378
8;34;0;0.481;0.368
8;34;26;0.482;0.364
8;34;60;0.482;0.36
8;34;95;0.477;0.341
8;34;126;0.474;0.332
8;34;160;0.473;0.322
8;34;194;0.473;0.315
8;34;226;0.471;0.308
8;34;260;0.471;0.304
8;34;293;0.471;0.298
8;34;327;0.472;0.294
8;34;360;0.472;0.291
8;34;393;0.472;0.288
8;34;427;0.472;0.285
8;35;0;0.472;0.284
8;35;0;0.471;0.282
8;35;25;0.471;0.282
8;35;59;0.471;0.283
8;35;92;0.472;0.287
8;35;125;0.473;0.291
8;35;159;0.474;0.294
8;35;193;0.477;0.297
8;35;226;0.477;0.3
8;35;258;0.478;0.301
8;35;293;0.479;0.303
8;35;325;0.478;0.302
8;35;358;0.475;0.3
8;35;392;0.475;0.3
8;35;426;0.474;0.299
10;0;0;0.376;0.187
10;0;8;0.369;0.182
10;0;88;0.374;0.207
10;0;123;0.385;0.262
10;0;156;0.392;0.3
10;0;190;0.399;0.325
10;0;223;0.4;0.333
10;0;256;0.403;0.341
10;0;323;0.411;0.354
10;0;357;0.413;0.365
10;1;0;0.417;0.395
10;1;0;0.431;0.428
10;1;53;0.434;0.432
10;1;89;0.432;0.431
10;1;120;0.432;0.434
10;1;187;0.433;0.438
10;1;223;0.433;0.44
10;1;288;0.436;0.445
10;2;0;0.439;0.419
10;2;65;0.442;0.412
10;2;99;0.443;0.41
10;2;166;0.444;0.417
10;2;199;0.445;0.42
10;2;232;0.443;0.427
10;2;265;0.443;0.433
10;2;299;0.442;0.44
10;2;333;0.443;0.445
10;2;366;0.442;0.449
10;2;399;0.436;0.455
10;2;435;0.436;0.458
10;3;0;0.432;0.466
10;3;0;0.432;0.478
10;3;30;0.429;0.492
10;3;66;0.432;0.505
10;3;99;0.433;0.518
10;3;132;0.432;0.534
10;3;165;0.433;0.534
10;3;199;0.433;0.536
10;3;232;0.429;0.539
10;3;266;0.428;0.542
10;3;299;0.426;0.536
10;3;332;0.424;0.516
10;3;365;0.424;0.503
10;3;399;0.423;0.495
10;3;432;0.423;0.492
10;4;0;0.424;0.5
10;4;0;0.424;0.5
10;4;31;0.426;0.499
10;4;64;0.427;0.495
10;4;98;0.428;0.495
10;4;131;0.426;0.495
10;4;164;0.427;0.497
10;4;195;0.426;0.5
10;4;231;0.424;0.501
10;4;264;0.42;0.505
10;4;298;0.417;0.508
10;5;0;0.409;0.561
10;5;0;0.408;0.574
10;5;264;0.417;0.559
10;5;298;0.419;0.548
10;5;330;0.423;0.538
10;5;399;0.426;0.523
10;5;432;0.43;0.512
10;6;0;0.433;0.502
10;6;0;0.438;0.5
10;6;30;0.443;0.517
10;6;63;0.442;0.546
10;6;96;0.444;0.567
10;6;130;0.448;0.582
10;6;163;0.451;0.603
10;6;196;0.453;0.617
10;6;230;0.453;0.627
10;6;263;0.452;0.637
10;6;297;0.448;0.647
10;6;330;0.449;0.659
10;6;364;0.451;0.667
10;6;397;0.453;0.665
10;6;431;0.453;0.664
10;7;0;0.454;0.656
10;7;0;0.453;0.648
10;7;29;0.453;0.641
10;7;63;0.454;0.631
10;7;97;0.453;0.621
10;7;130;0.452;0.611
10;7;163;0.452;0.6
10;7;196;0.453;0.589
10;7;231;0.452;0.579
10;7;264;0.453;0.571
10;7;297;0.454;0.561
10;7;329;0.454;0.552
10;7;366;0.452;0.544
10;7;397;0.45;0.536
10;7;430;0.447;0.528
10;8;0;0.445;0.522
10;8;0;0.443;0.519
10;8;29;0.441;0.516
10;8;62;0.439;0.514
10;8;93;0.438;0.514
10;8;129;0.439;0.514
10;8;164;0.44;0.516
10;8;195;0.439;0.516
10;8;228;0.439;0.515
10;10;0;0.44;0.52
10;10;28;0.436;0.529
10;10;61;0.435;0.537
10;10;97;0.434;0.543
10;10;161;0.434;0.546
10;10;195;0.436;0.547
10;10;228;0.438;0.548
10;10;295;0.437;0.549
10;10;328;0.44;0.554
10;11;0;0.446;0.578
10;11;0;0.446;0.587
10;11;28;0.444;0.589
10;11;61;0.444;0.592
10;11;95;0.442;0.589
10;11;161;0.441;0.588
10;11;194;0.44;0.586
10;11;226;0.443;0.589
10;11;291;0.444;0.591
10;11;328;0.445;0.594
10;11;358;0.445;0.593
10;11;427;0.447;0.59
10;12;0;0.449;0.587
10;12;26;0.447;0.571
10;12;60;0.448;0.568
10;13;194;0.436;0.568
10;14;8;0.432;0.582
10;14;40;0.434;0.592
10;14;70;0.432;0.606
10;14;108;0.432;0.624
10;14;292;0.434;0.64
10;15;0;0.442;0.665
10;15;0;0.44;0.659
10;15;192;0.443;0.667
10;15;223;0.445;0.666
10;15;257;0.447;0.666
10;16;0;0.433;0.603
10;16;156;0.437;0.604
10;16;190;0.443;0.607
10;16;223;0.446;0.608
10;16;255;0.445;0.605
10;16;290;0.437;0.603
10;16;324;0.433;0.602
10;17;0;0.441;0.57
10;17;0;0.441;0.563
10;17;22;0.444;0.562
10;17;56;0.446;0.564
10;17;90;0.449;0.565
10;17;123;0.45;0.572
10;17;156;0.451;0.573
10;17;189;0.449;0.575
10;17;223;0.449;0.576
10;17;256;0.448;0.58
10;17;289;0.449;0.581
10;18;0;0.453;0.584
10;18;0;0.454;0.584
10;18;32;0.455;0.584
10;18;68;0.453;0.576
10;18;134;0.451;0.571
10;18;167;0.45;0.567
10;18;202;0.451;0.562
10;18;268;0.461;0.583
10;18;302;0.462;0.998
10;18;331;0.459;1.025
10;18;369;0.446;1.024
10;18;400;0.446;0.986
10;19;0;0.456;0.92
10;19;0;0.46;0.894
10;19;30;0.46;0.874
10;19;64;0.46;0.849
10;19;98;0.46;0.83
10;19;128;0.46;0.815
10;19;163;0.461;0.758
10;19;199;0.461;0.745
10;19;233;0.459;0.733
10;19;266;0.46;0.717
10;19;299;0.461;0.698
10;19;332;0.46;0.688
10;19;361;0.46;0.68
10;19;399;0.462;0.673
10;19;434;0.463;0.659
10;20;0;0.468;0.654
10;20;0;0.471;0.656
10;20;30;0.468;0.683
10;20;66;0.468;0.695
10;20;97;0.468;0.708
10;20;132;0.47;0.714
10;20;166;0.469;0.727
10;20;199;0.468;0.738
10;20;232;0.468;0.748
10;20;266;0.467;0.76
10;20;299;0.467;0.767
10;20;333;0.466;0.774
10;20;367;0.465;0.782
10;20;398;0.463;0.788
10;20;432;0.462;0.796
10;21;0;0.461;0.805
10;21;0;0.46;0.809
10;21;30;0.46;0.809
10;21;65;0.459;0.806
10;21;98;0.451;0.784
10;21;131;0.445;0.76
10;21;165;0.439;0.74
10;21;197;0.437;0.724
10;21;265;0.443;0.702
10;21;298;0.439;0.687
10;21;331;0.438;0.671
10;21;365;0.44;0.662
10;21;402;0.44;0.646
10;21;432;0.441;0.636
10;22;0;0.439;0.625
10;22;0;0.437;0.614
10;22;29;0.435;0.603
10;22;59;0.433;0.592
10;22;98;0.432;0.583
10;22;130;0.43;0.579
10;22;165;0.431;0.58
10;22;198;0.431;0.58
10;22;231;0.434;0.578
10;22;264;0.435;0.579
10;22;298;0.436;0.58
10;22;331;0.437;0.582
10;22;365;0.438;0.584
10;22;398;0.438;0.585
10;22;431;0.44;0.587
10;23;0;0.443;0.587
10;23;0;0.448;0.596
10;23;30;0.45;0.598
10;23;64;0.452;0.6
10;23;97;0.456;0.602
10;23;130;0.458;0.604
10;23;164;0.46;0.605
10;23;197;0.462;0.607
10;23;231;0.464;0.607
10;23;263;0.463;0.608
10;23;297;0.464;0.609
10;23;330;0.466;0.609
10;23;364;0.466;0.61
10;23;397;0.466;0.61
10;23;430;0.467;0.615
10;24;0;0.467;0.619
10;24;0;0.466;0.621
10;24;28;0.464;0.622
10;24;64;0.461;0.624
10;24;96;0.459;0.622
10;24;130;0.459;0.619
10;24;163;0.459;0.611
10;24;196;0.46;0.6
10;24;229;0.459;0.592
10;24;260;0.454;0.581
10;24;293;0.448;0.568
10;24;329;0.446;0.56
10;24;363;0.448;0.555
10;24;391;0.451;0.554
10;24;429;0.456;0.551
10;25;0;0.46;0.553
10;25;0;0.462;0.549
10;25;29;0.462;0.55
10;25;63;0.459;0.548
10;25;96;0.458;0.545
10;25;130;0.459;0.542
10;25;158;0.459;0.542
10;25;196;0.459;0.542
10;25;229;0.457;0.543
10;25;263;0.457;0.543
10;25;296;0.458;0.545
10;25;329;0.457;0.547
10;25;363;0.456;0.554
10;25;394;0.457;0.558
10;26;0;0.457;0.56
10;26;0;0.456;0.561
10;26;26;0.458;0.566
10;26;64;0.458;0.611
10;26;94;0.458;0.624
10;26;129;0.459;0.64
10;26;161;0.458;0.657
10;26;195;0.456;0.673
10;26;228;0.457;0.685
10;26;261;0.456;0.677
10;26;295;0.453;0.658
10;26;324;0.453;0.655
10;26;362;0.453;0.648
10;26;395;0.454;0.644
10;26;429;0.455;0.641
10;27;0;0.455;0.637
10;27;0;0.458;0.631
10;27;28;0.46;0.63
10;27;61;0.46;0.624
10;27;92;0.462;0.618
10;27;161;0.466;0.575
10;27;226;0.463;0.58
10;27;294;0.46;0.586
10;27;394;0.461;0.582
10;28;0;0.455;0.556
10;28;0;0.451;0.548
10;28;25;0.448;0.544
10;28;60;0.443;0.547
10;28;88;0.44;0.549
10;28;126;0.438;0.551
10;28;160;0.438;0.553
10;28;193;0.439;0.554
10;28;221;0.44;0.552
10;28;260;0.438;0.548
10;28;292;0.438;0.546
10;28;326;0.438;0.544
10;28;358;0.438;0.54
10;28;388;0.438;0.537
10;28;426;0.437;0.535
10;29;0;0.438;0.535
10;29;0;0.437;0.533
10;29;25;0.437;0.531
10;29;59;0.437;0.532
10;29;92;0.437;0.534
10;29;122;0.437;0.534
10;29;159;0.435;0.534
10;29;193;0.434;0.537
10;29;225;0.434;0.54
10;29;259;0.434;0.546
10;29;327;0.433;0.55
10;29;358;0.433;0.555
10;29;390;0.435;0.56
10;29;421;0.437;0.565
10;30;0;0.44;0.57
10;30;0;0.441;0.573
10;30;25;0.444;0.576
10;30;60;0.447;0.584
10;30;91;0.451;0.609
10;30;124;0.454;0.634
10;30;158;0.456;0.652
10;30;192;0.459;0.672
10;30;225;0.463;0.688
10;30;256;0.464;0.7
10;30;291;0.467;0.709
10;30;325;0.47;0.716
10;30;359;0.476;0.706
10;30;387;0.479;0.703
10;30;425;0.475;0.663
10;31;0;0.473;0.648
10;31;0;0.472;0.639
10;31;24;0.472;0.63
10;31;57;0.471;0.624
10;31;90;0.469;0.616
10;31;124;0.465;0.605
10;31;158;0.462;0.594
10;31;189;0.46;0.582
10;31;224;0.456;0.567
10;31;257;0.453;0.557
10;31;286;0.45;0.544
10;31;322;0.446;0.533
10;31;357;0.443;0.522
10;31;391;0.439;0.514
10;31;424;0.439;0.545
10;32;0;0.439;0.566
10;32;0;0.438;0.578
10;32;23;0.44;0.59
10;32;56;0.438;0.604
10;32;89;0.438;0.616
10;32;126;0.438;0.627
10;32;156;0.438;0.641
10;32;189;0.441;0.653
10;32;222;0.443;0.663
10;32;287;0.446;0.673
10;32;322;0.449;0.682
10;32;356;0.452;0.689
10;32;390;0.449;0.685
10;32;423;0.45;0.698
10;33;0;0.453;0.707
10;33;0;0.45;0.699
10;33;21;0.451;0.68
10;33;55;0.45;0.667
10;34;71;0.435;0.478
10;34;105;0.434;0.467
10;34;139;0.437;0.453
10;34;204;0.438;0.443
10;34;304;0.438;0.437
10;35;0;0.441;0.426
10;35;0;0.44;0.424
10;35;19;0.437;0.427
10;35;86;0.44;0.437